{
    "data":[
        {
            "Intent":
            {
                "Type": 0.888888454437256
            },
            "Result": "The well 13/22a-B13 has the Type as Cyclic Steam, Oil & Gas, ",
            "Response_Type": "Structured Data",
            "Response_Time": "",
            "Type": "Success",
            "Document": "WEll_13/22a/B13.pdf",
            "Question": "show me the type of abc?",
            "Entity": {
                "WellName": "13/22a-B13"
            },
            "Other_Data": [{ 
                "Filter_data": {},
                "Related_documents":
                {
                    "Well_Report": "13_22a-B13.pdf",
                    "Injection_Data": "13_22a-B13_Injection.xlsx",
                    "Production_Data": "13_22a-B13_Production.xlsx",
                    "Well_Design": "oil image.jpg",
                    "Well_Logs": "13_22a-B13.las"
                },
                
                "More_Details": {
                    "Field_Name": "Kern River",
                    "Operator_Name":"Chevron U.S.A. Inc.",
                    "County_Name": "Kern"
                }
            }]
        },
        
        {
            "Document": "All wells.pdf",
            "Entity": {"CoreType": "DIAMOND"},
            "Intent": "AllWells",
            "NO_OF_DOCS": 5,
            "Other_Data": [
                {
                    "Filter_data": 
                    {
                        "Asset_Name": "WHEATLAND",
                        "Field_Name": "N/A",
                        "Region": "CA"
                    },
                    "More_Details": {
                        "County_Name": "WHEATLAND",
                        "Field_Name": "N/A",
                        "Operator": "N/A",
                        "Well_Name": "HOME SCURRY CLEARHILLS 1-26-87-12"
                        
                    },
                    "Related_documents": {
                        "Injection_Data": "Not Available",
                        "Production_Data": "Not Available",
                        "Well_Report": "Not Available"
                    }
                },
                {
                    "Filter_data": {
                        "Asset_Name": "WHEATLAND",
                        "Field_Name": "N/A",
                        "Region": "CA"
                    },
                    "More_Details": {
                        "County_Name": "WHEATLAND",
                        "Field_Name": "N/A",
                        "Operator": "N/A",
                        "Well_Name": "HOME ET AL DOIG RIVER 2-22-90-12"
                        
                    },
                    "Related_documents": {
                        "Injection_Data": "Not Available",
                        "Production_Data": "Not Available",
                        "Well_Report": "Not Available"
                    }
                },
                {
                    "Filter_data": {
                        "Asset_Name": "SELKIRK",
                        "Field_Name": "N/A",
                        "Region": "CA"
                    },
                    "More_Details": {
                        "County_Name": "SELKIRK",
                        "Field_Name": "N/A",
                        "Operator": "M00010",
                        "Well_Name": "MANNING KRANZ TILSTON 4 5 6 29"
                        
                    },
                    "Related_documents": {
                        "Injection_Data": "Not Available",
                        "Production_Data": "Not Available",
                        "Well_Report": "Not Available"
                    }
                },
                {
                    "Filter_data": {
                        "Asset_Name": "WHEATLAND",
                        "Field_Name": "N/A",
                        "Region": "CA"
                    },
                    "More_Details": {
                        "County_Name": "WHEATLAND",
                        "Field_Name": "N/A",
                        "Operator": "N/A",
                        "Well_Name": "HB SHELL CLEAR PRAIRIE 4-32-91-12"
                        
                    },
                    "Related_documents": {
                        "Injection_Data": "Not Available",
                        "Production_Data": "Not Available",
                        "Well_Report": "Not Available"
                    }
                },
                {
                    "Filter_data": {
                        "Asset_Name": "WHEATLAND",
                        "Field_Name": "N/A",
                        "Region": "CA"
                    },
                    "More_Details": {
                        "County_Name": "WHEATLAND",
                        "Field_Name": "N/A",
                        "Operator": "N/A",
                        "Well_Name": "WESTCOAST AMOCO PRESPATOU 6-27-88-12"
                        
                    },
                    "Related_documents": {
                        "Injection_Data": "Not Available",
                        "Production_Data": "Not Available",
                        "Well_Report": "Not Available"
                    }
                }
            ],
            "Question": "show me the wells where core type id diamond",
            "Response_Time": "",
            "Response_Type": "All Data Sets",
            "Result": {
                "Well_docs": [
                    {
                        "Checkshot": "Not Available",
                        "Injection_Data": "Not Available",
                        "Production_Data": "Not Available",
                        "Seismic": "Not Available",
                        "Synthetics": "Not Available",
                        "VSP": "Not Available",
                        "Well_Design": "Not Available",
                        "Well_Logs": "Not Available",
                        "Well_Report": "Not Available"
                    },
                    {
                        "Checkshot": "Not Available",
                        "Injection_Data": "Not Available",
                        "Production_Data": "Not Available",
                        "Seismic": "Not Available",
                        "Synthetics": "Not Available",
                        "VSP": "Not Available",
                        "Well_Design": "Not Available",
                        "Well_Logs": "Not Available",
                        "Well_Report": "Not Available"
                    },
                    {
                        "Checkshot": "Not Available",
                        "Injection_Data": "Not Available",
                        "Production_Data": "Not Available",
                        "Seismic": "Not Available",
                        "Synthetics": "Not Available",
                        "VSP": "Not Available",
                        "Well_Design": "Not Available",
                        "Well_Logs": "Not Available",
                        "Well_Report": "Not Available"
                    },
                    {
                        "Checkshot": "Not Available",
                        "Injection_Data": "Not Available",
                        "Production_Data": "Not Available",
                        "Seismic": "Not Available",
                        "Synthetics": "Not Available",
                        "VSP": "Not Available",
                        "Well_Design": "Not Available",
                        "Well_Logs": "Not Available",
                        "Well_Report": "Not Available"
                    },
                    {
                        "Checkshot": "Not Available",
                        "Injection_Data": "Not Available",
                        "Production_Data": "Not Available",
                        "Seismic": "Not Available",
                        "Synthetics": "Not Available",
                        "VSP": "Not Available",
                        "Well_Design": "Not Available",
                        "Well_Logs": "Not Available",
                        "Well_Report": "Not Available"
                    }
                ],
                "Well_headers": [
                    {
                        "Lease_Name": "N/A",
                        "Operator": "N/A",
                        "Spud_Date": "29-JAN-90",
                        "Status": "LIC",
                        "Total_Depth": "N/A",
                        "Type": "Not Available, ",
                        "Well_Name": "HOME SCURRY CLEARHILLS 1-26-87-12"
                    },
                    {
                        "Lease_Name": "N/A",
                        "Operator": "N/A",
                        "Spud_Date": "18-FEB-63",
                        "Status": "LIC",
                        "Total_Depth": "N/A",
                        "Type": "Not Available, ",
                        "Well_Name": "HOME ET AL DOIG RIVER 2-22-90-12"
                    },
                    {
                        "Lease_Name": "N/A",
                        "Operator": "M00010",
                        "Spud_Date": "21-DEC-58",
                        "Status": "LIC",
                        "Total_Depth": "N/A",
                        "Type": "Not Available, ",
                        "Well_Name": "MANNING KRANZ TILSTON 4 5 6 29"
                    },
                    {
                        "Lease_Name": "N/A",
                        "Operator": "N/A",
                        "Spud_Date": "17-FEB-64",
                        "Status": "LIC",
                        "Total_Depth": "N/A",
                        "Type": "Not Available, ",
                        "Well_Name": "HB SHELL CLEAR PRAIRIE 4-32-91-12"
                    },
                    {
                        "Lease_Name": "N/A",
                        "Operator": "N/A",
                        "Spud_Date": "31-DEC-88",
                        "Status": "LIC",
                        "Total_Depth": "N/A",
                        "Type": "Not Available, ",
                        "Well_Name": "WESTCOAST AMOCO PRESPATOU 6-27-88-12"
                        
                    }
                ]
            },
            "Type": "Success"},
            {
                "Intent":
                {
                    "WellHeader": 0.9586988925933839
                },
                "Result":"Invalid Search",
                "Response_Type": "Structured Data",
                "Response_Time": "",
                "Type": "Fail",
                "Document": "",
                "Question": "show me the well header for abc?",
                "Entity": {
                    "WellName": "13/22a-B13"
                },
                "Other_Data": {
                    "Filter_data": {},
                    "Related_documents": {
                        "Well_Report": "13_22a-B13.pdf",
                        "Injection_Data": "13_22a-B13_Injection.xlsx",
                        "Prodution_Data": "13_22a-B13_Production.xlsx",
                        "Well_Design": "2900001_WellDesign.png", "Well_Logs": "13_22a-B13.las"
                    },
                    "More_Details": {
                        "Field_Name":"Kern River",
                        "Operator_Name": "Chevron U.S.A. Inc.",
                        "County_Name": "Kern"}
                    }
                }
                
            ]
        }
        