{"2900079": {"Status": "P", "AbdDate": "7-Aug-03", "LeaseName": "U.S.A.", "Longitude": -119.00246100000001, "County": "Kern", "WellID": "U.S.A. 1", "SpudDate": "4-Nov-65", "API": 2900079, "FieldName": "Kern River", "Location": "Fr SE cor 500N 2458W", "Latitude": 35.486026000000003, "OpName": "Chevron U.S.A. Inc.", "TotalDepth": 2514.0, "Type": "SC", "DryHole": "N", "AreaName": "Any Area"}, "2900078": {"Status": "P", "AbdDate": "9-Dec-66", "LeaseName": "Cummings", "Longitude": -119.04945500000001, "County": "Kern", "WellID": "Cummings 4", "SpudDate": "10-Oct-66", "API": 2900078, "FieldName": "Kern Front", "Location": "Fr E/4 cor 200N 860W", "Latitude": 35.507181000000003, "OpName": "West American Energy, Corp.", "TotalDepth": 4232.0, "Type": "OG", "DryHole": "Y", "AreaName": "Any Area"}, "2900077": {"Status": "A", "AbdDate": "N/A", "LeaseName": "Porter", "Longitude": -118.863625, "County": "Kern", "WellID": "Porter 28-3", "SpudDate": "9-Apr-51", "API": 2900077, "FieldName": "Edison", "Location": "Fr ctr 770S 1775E", "Latitude": 35.286918, "OpName": "Pyramid Oil Company", "TotalDepth": 3912.0, "Type": "OG", "DryHole": "N", "AreaName": "West"}, "2900076": {"Status": "A", "AbdDate": "N/A", "LeaseName": "San Joaquin", "Longitude": -118.985968, "County": "Kern", "WellID": "San Joaquin 289", "SpudDate": "6-Oct-66", "API": 2900076, "FieldName": "Kern River", "Location": "Fr NW cor 1804S 5217E", "Latitude": 35.436273, "OpName": "Chevron U.S.A. Inc.", "TotalDepth": 2945.0, "Type": "OG, SC", "DryHole": "N", "AreaName": "Any Area"}, "2900075": {"Status": "P", "AbdDate": "19-Jun-14", "LeaseName": "San Joaquin", "Longitude": -118.987425, "County": "Kern", "WellID": "San Joaquin 283", "SpudDate": "5-Oct-66", "API": 2900075, "FieldName": "Kern River", "Location": "Fr NW cor 1301S 4780E", "Latitude": 35.437661999999996, "OpName": "Chevron U.S.A. Inc.", "TotalDepth": 3635.0, "Type": "OG, SC", "DryHole": "N", "AreaName": "Any Area"}, "2900074": {"Status": "A", "AbdDate": "N/A", "LeaseName": "Blinn", "Longitude": -118.984374, "County": "Kern", "WellID": "Blinn 17", "SpudDate": "8-Sep-66", "API": 2900074, "FieldName": "Kern River", "Location": "Fr SW cor 477N 374E", "Latitude": 35.428185999999997, "OpName": "Chevron U.S.A. Inc.", "TotalDepth": 1435.0, "Type": "OG, SC", "DryHole": "N", "AreaName": "Any Area"}, "2900073": {"Status": "A", "AbdDate": "N/A", "LeaseName": "Apollo", "Longitude": -118.975306, "County": "Kern", "WellID": "Apollo 24", "SpudDate": "20-Sep-66", "API": 2900073, "FieldName": "Kern River", "Location": "Fr NW cor 694S 3050E", "Latitude": 35.439405000000001, "OpName": "Chevron U.S.A. Inc.", "TotalDepth": 2486.0, "Type": "OG, SC", "DryHole": "N", "AreaName": "Any Area"}, "2900072": {"Status": "A", "AbdDate": "N/A", "LeaseName": "Amazon", "Longitude": -119.00226799999999, "County": "Kern", "WellID": "Amazon 35", "SpudDate": "10-Aug-66", "API": 2900072, "FieldName": "Kern River", "Location": "Fr NW cor 4445S 2845E", "Latitude": 35.457996999999999, "OpName": "Chevron U.S.A. Inc.", "TotalDepth": 6064.0, "Type": "OG, SC", "DryHole": "N", "AreaName": "Any Area"}, "2900071": {"Status": "A", "AbdDate": "N/A", "LeaseName": "Amazon", "Longitude": -118.99846200000002, "County": "Kern", "WellID": "Amazon 34", "SpudDate": "12-Aug-66", "API": 2900071, "FieldName": "Kern River", "Location": "Fr NW cor 4571S 3978E", "Latitude": 35.457615999999994, "OpName": "Chevron U.S.A. Inc.", "TotalDepth": 5964.0, "Type": "OG, SC", "DryHole": "N", "AreaName": "Any Area"}, "2900070": {"Status": "A", "AbdDate": "N/A", "LeaseName": "Needham-Bloemer", "Longitude": -118.90602800000001, "County": "Kern", "WellID": "Needham-Bloemer 6", "SpudDate": "21-Jan-49", "API": 2900070, "FieldName": "Kern Bluff", "Location": "Fr SW cor 220N 2420E", "Latitude": 35.413206000000002, "OpName": "Citadel Exploration, Inc.", "TotalDepth": 5034.0, "Type": "OG", "DryHole": "N", "AreaName": "Any Area"}, "2900100": {"Status": "A", "AbdDate": "29-Aug-12", "LeaseName": "San Joaquin", "Longitude": -118.992504, "County": "Kern", "WellID": "San Joaquin 278", "SpudDate": "16-Dec-86", "API": 2900100, "FieldName": "Kern River", "Location": "Fr NW cor 4142S 3282E", "Latitude": 35.429879, "OpName": "Chevron U.S.A. Inc.", "TotalDepth": 2876.0, "Type": "OG", "DryHole": "N", "AreaName": "Any Area"}, "2900068": {"Status": "P", "AbdDate": "27-Mar-68", "LeaseName": "Jones", "Longitude": -118.96342299999999, "County": "Kern", "WellID": "Jones 21-1", "SpudDate": "26-Mar-63", "API": 2900068, "FieldName": "Mount Poso", "Location": "Fr S/4 cor 330N 1000E", "Latitude": 35.646718, "OpName": "Mission Oil Company", "TotalDepth": 2876.0, "Type": "OG", "DryHole": "N", "AreaName": "Dominion"}, "2900069": {"Status": "P", "AbdDate": "3-Jan-67", "LeaseName": "KRU", "Longitude": -119.005104, "County": "Kern", "WellID": "KRU Q-44", "SpudDate": "5-Dec-66", "API": 2900069, "FieldName": "Any Field", "Location": "Fr SW cor 3085N 1642E", "Latitude": 35.507849, "OpName": "Terepin Corporation", "TotalDepth": 4672.0, "Type": "OG", "DryHole": "Y", "AreaName": "Any Area"}, "2900064": {"Status": "A", "AbdDate": "N/A", "LeaseName": " ", "Longitude": -118.97891200000001, "County": "Kern", "WellID": "2-Apr", "SpudDate": "16-Dec-66", "API": 2900064, "FieldName": "Kern River", "Location": "Fr N/4 cor 275S 695W", "Latitude": 35.440626999999999, "OpName": "Chevron U.S.A. Inc.", "TotalDepth": 2945.0, "Type": "OG, SC", "DryHole": "N", "AreaName": "Any Area"}, "2900065": {"Status": "P", "AbdDate": "27-Jul-10", "LeaseName": " ", "Longitude": -118.97758200000001, "County": "Kern", "WellID": "1-Jul", "SpudDate": "8-Dec-66", "API": 2900065, "FieldName": "Kern River", "Location": "Fr N/4 cor 110S 300W", "Latitude": 35.441086999999996, "OpName": "Chevron U.S.A. Inc.", "TotalDepth": 3912.0, "Type": "OG, SC", "DryHole": "N", "AreaName": "Any Area"}, "2900066": {"Status": "A", "AbdDate": "N/A", "LeaseName": " ", "Longitude": -118.97708200000001, "County": "Kern", "WellID": "4-Aug", "SpudDate": "21-Nov-66", "API": 2900066, "FieldName": "Kern River", "Location": "Fr N/4 cor 640S 150W", "Latitude": 35.439627000000002, "OpName": "Chevron U.S.A. Inc.", "TotalDepth": 4232.0, "Type": "OG, SC", "DryHole": "N", "AreaName": "Any Area"}, "2900067": {"Status": "P", "AbdDate": "13-Jan-67", "LeaseName": "BW", "Longitude": -118.93736399999999, "County": "Kern", "WellID": "BW 386-18", "SpudDate": "29-Jan-59", "API": 2900067, "FieldName": "Tejon, North", "Location": "Fr SE cor 2096N 660W", "Latitude": 35.037047999999999, "OpName": "Reserve Oil, Inc.", "TotalDepth": 2514.0, "Type": "OG", "DryHole": "N", "AreaName": "Any Area"}, "2900060": {"Status": "P", "AbdDate": "29-Feb-88", "LeaseName": "Tyson", "Longitude": -119.086099, "County": "Kern", "WellID": "Tyson 10-1", "SpudDate": "22-May-63", "API": 2900060, "FieldName": "Poso Creek", "Location": "Fr NE cor 327S 940W", "Latitude": 35.484124000000001, "OpName": "Chevron U.S.A. Inc.", "TotalDepth": 6064.0, "Type": "OG", "DryHole": "N", "AreaName": "Premier"}, "2900061": {"Status": "A", "AbdDate": "N/A", "LeaseName": " ", "Longitude": -118.980632, "County": "Kern", "WellID": "2-Jan", "SpudDate": "6-Nov-66", "API": 2900061, "FieldName": "Kern River", "Location": "Fr N/4 cor 200S 1209W", "Latitude": 35.440837000000002, "OpName": "Chevron U.S.A. Inc.", "TotalDepth": 2486.0, "Type": "OG, SC", "DryHole": "N", "AreaName": "Any Area"}, "2900062": {"Status": "A", "AbdDate": "N/A", "LeaseName": " ", "Longitude": -118.979602, "County": "Kern", "WellID": "3-Mar", "SpudDate": "11-Dec-66", "API": 2900062, "FieldName": "Kern River", "Location": "Fr N/4 cor 370S 900W", "Latitude": 35.440366999999995, "OpName": "Chevron U.S.A. Inc.", "TotalDepth": 1435.0, "Type": "OG, SC", "DryHole": "N", "AreaName": "Any Area"}, "2900063": {"Status": "A", "AbdDate": "N/A", "LeaseName": " ", "Longitude": -118.97936200000001, "County": "Kern", "WellID": "1-Apr", "SpudDate": "6-Dec-66", "API": 2900063, "FieldName": "Kern River", "Location": "Fr N/4 cor 125S 830W", "Latitude": 35.441046999999998, "OpName": "Chevron U.S.A. Inc.", "TotalDepth": 3635.0, "Type": "OG, SC", "DryHole": "N", "AreaName": "Any Area"}, "2900059": {"Status": "P", "AbdDate": "20-May-02", "LeaseName": "Monte Cristo No. 2", "Longitude": -118.97874499999999, "County": "Kern", "WellID": "Monte Cristo No. 2 37", "SpudDate": "7-Jun-57", "API": 2900059, "FieldName": "Kern River", "Location": "Fr SE cor 1900N 897W", "Latitude": 35.446607, "OpName": "Chevron U.S.A. Inc.", "TotalDepth": 5964.0, "Type": "OG, SC", "DryHole": "N", "AreaName": "Any Area"}, "2900058": {"Status": "A", "AbdDate": "N/A", "LeaseName": "Monte Cristo No. 2", "Longitude": -118.978624, "County": "Kern", "WellID": "Monte Cristo No. 2 35", "SpudDate": "17-Sep-57", "API": 2900058, "FieldName": "Kern River", "Location": "Fr SE cor 1598N 861W", "Latitude": 35.445777, "OpName": "Chevron U.S.A. Inc.", "TotalDepth": 5034.0, "Type": "OG, SC", "DryHole": "N", "AreaName": "Any Area"}, "2900051": {"Status": "A", "AbdDate": "N/A", "LeaseName": "Pierce", "Longitude": -118.988274, "County": "Kern", "WellID": "Pierce 20", "SpudDate": "11-Nov-66", "API": 2900051, "FieldName": "Kern River", "Location": "Fr NW cor 443S 4540E", "Latitude": 35.425843999999998, "OpName": "Chevron U.S.A. Inc.", "TotalDepth": 3635.0, "Type": "OG, SC", "DryHole": "N", "AreaName": "Any Area"}, "2900050": {"Status": "P", "AbdDate": "29-Nov-66", "LeaseName": "Pierce", "Longitude": -118.98818600000001, "County": "Kern", "WellID": "Pierce 4", "SpudDate": "2-Feb-19", "API": 2900050, "FieldName": "Kern River", "Location": " ", "Latitude": 35.425926000000004, "OpName": "Chevron U.S.A. Inc.", "TotalDepth": 1435.0, "Type": "OG", "DryHole": "N", "AreaName": "Any Area"}, "2900053": {"Status": "P", "AbdDate": "21-Jul-06", "LeaseName": "Vedder-Parkford", "Longitude": -118.914872, "County": "Kern", "WellID": "Vedder-Parkford 15", "SpudDate": "25-Mar-49", "API": 2900053, "FieldName": "Kern Bluff", "Location": "Fr SE cor 200N 220W", "Latitude": 35.413128, "OpName": "CAPCO Resource Corporation", "TotalDepth": 3912.0, "Type": "OG", "DryHole": "N", "AreaName": "Any Area"}, "2900052": {"Status": "P", "AbdDate": "21-Jul-06", "LeaseName": "Vedder-Parkford", "Longitude": -118.917901, "County": "Kern", "WellID": "Vedder-Parkford 14", "SpudDate": "9-Jul-48", "API": 2900052, "FieldName": "Kern Bluff", "Location": "Fr E/4 cor 1100S 1100W", "Latitude": 35.416796999999995, "OpName": "CAPCO Resource Corporation", "TotalDepth": 2945.0, "Type": "OG", "DryHole": "N", "AreaName": "Any Area"}, "2900055": {"Status": "A", "AbdDate": "N/A", "LeaseName": "Monte Cristo No. 2", "Longitude": -118.97686200000001, "County": "Kern", "WellID": "Monte Cristo No. 2 5-8", "SpudDate": "12-Nov-63", "API": 2900055, "FieldName": "Kern River", "Location": "Fr SE cor 1020N 335W", "Latitude": 35.444186999999999, "OpName": "Chevron U.S.A. Inc.", "TotalDepth": 2514.0, "Type": "OG, SC", "DryHole": "N", "AreaName": "Any Area"}, "2900054": {"Status": "A", "AbdDate": "N/A", "LeaseName": "Monte Cristo No. 2", "Longitude": -118.97900200000001, "County": "Kern", "WellID": "Monte Cristo No. 2 2-5", "SpudDate": "23-Jan-63", "API": 2900054, "FieldName": "Kern River", "Location": "Fr E/4 cor 910S 1000W", "Latitude": 35.446127000000004, "OpName": "Chevron U.S.A. Inc.", "TotalDepth": 4232.0, "Type": "OG, SC", "DryHole": "N", "AreaName": "Any Area"}, "2900057": {"Status": "A", "AbdDate": "N/A", "LeaseName": "Monte Cristo No. 2", "Longitude": -118.97783200000001, "County": "Kern", "WellID": "Monte Cristo No. 2 34", "SpudDate": "2-May-62", "API": 2900057, "FieldName": "Kern River", "Location": "Fr E/4 cor 805S 650W", "Latitude": 35.446407000000001, "OpName": "Chevron U.S.A. Inc.", "TotalDepth": 4672.0, "Type": "OG, SC", "DryHole": "N", "AreaName": "Any Area"}, "2900056": {"Status": "A", "AbdDate": "N/A", "LeaseName": "Monte Cristo No. 2", "Longitude": -118.97811200000001, "County": "Kern", "WellID": "Monte Cristo No. 2 33", "SpudDate": "2-May-62", "API": 2900056, "FieldName": "Kern River", "Location": "Fr E/4 cor 510S 735W", "Latitude": 35.447216999999995, "OpName": "Chevron U.S.A. Inc.", "TotalDepth": 2876.0, "Type": "OG, SC", "DryHole": "N", "AreaName": "Any Area"}, "2900046": {"Status": "P", "AbdDate": "18-May-17", "LeaseName": "Blinn", "Longitude": -118.983521, "County": "Kern", "WellID": "Blinn 501", "SpudDate": "27-Oct-66", "API": 2900046, "FieldName": "Kern River", "Location": "Fr NW cor 4208S 623E", "Latitude": 35.429786, "OpName": "Chevron U.S.A. Inc.", "TotalDepth": 5034.0, "Type": "OG, SF", "DryHole": "N", "AreaName": "Any Area"}, "2900047": {"Status": "A", "AbdDate": "N/A", "LeaseName": "San Joaquin", "Longitude": -118.991276, "County": "Kern", "WellID": "San Joaquin 280", "SpudDate": "7-Nov-66", "API": 2900047, "FieldName": "Kern River", "Location": "Fr NW cor 4244S 3649E", "Latitude": 35.429592, "OpName": "Chevron U.S.A. Inc.", "TotalDepth": 5964.0, "Type": "OG, SC", "DryHole": "N", "AreaName": "Any Area"}, "2900044": {"Status": "A", "AbdDate": "N/A", "LeaseName": "Kern", "Longitude": -118.98518200000001, "County": "Kern", "WellID": "Kern 36", "SpudDate": "29-Mar-16", "API": 2900044, "FieldName": "Kern River", "Location": "Fr NW cor 3639S 2528E", "Latitude": 35.445857000000004, "OpName": "Chevron U.S.A. Inc.", "TotalDepth": 2876.0, "Type": "OG, SC", "DryHole": "N", "AreaName": "Any Area"}, "2900045": {"Status": "A", "AbdDate": "N/A", "LeaseName": "Blinn", "Longitude": -118.985129, "County": "Kern", "WellID": "Blinn 18", "SpudDate": "27-Oct-66", "API": 2900045, "FieldName": "Kern River", "Location": "Fr SW cor 672N 147E", "Latitude": 35.428727000000002, "OpName": "Chevron U.S.A. Inc.", "TotalDepth": 4672.0, "Type": "OG, SC", "DryHole": "N", "AreaName": "Any Area"}, "2900042": {"Status": "P", "AbdDate": "24-Sep-05", "LeaseName": "Green & Whittier A", "Longitude": -119.00773100000001, "County": "Kern", "WellID": "Green & Whittier A 95", "SpudDate": "31-Oct-66", "API": 2900042, "FieldName": "Kern River", "Location": "Fr NW cor 4378S 1220E", "Latitude": 35.458232000000002, "OpName": "Chevron U.S.A. Inc.", "TotalDepth": 4232.0, "Type": "OG, SC", "DryHole": "N", "AreaName": "Any Area"}, "2900043": {"Status": "P", "AbdDate": "27-Mar-06", "LeaseName": "Kern Oil & Development", "Longitude": -119.00937900000001, "County": "Kern", "WellID": "Kern Oil & Development 11", "SpudDate": "27-Oct-66", "API": 2900043, "FieldName": "Kern River", "Location": "Fr NW cor 2068S 706E", "Latitude": 35.464595000000003, "OpName": "Chevron U.S.A. Inc.", "TotalDepth": 2514.0, "Type": "OG, SC", "DryHole": "N", "AreaName": "Any Area"}, "2900040": {"Status": "P", "AbdDate": "29-Apr-10", "LeaseName": "Chicago Crude", "Longitude": -119.003013, "County": "Kern", "WellID": "Chicago Crude 63", "SpudDate": "25-Oct-66", "API": 2900040, "FieldName": "Kern River", "Location": "Fr NW cor 1112S 2580E", "Latitude": 35.467185999999998, "OpName": "Chevron U.S.A. Inc.", "TotalDepth": 2945.0, "Type": "OG, SC", "DryHole": "N", "AreaName": "Any Area"}, "2900041": {"Status": "P", "AbdDate": "3-Apr-72", "LeaseName": "Green & Whittier A", "Longitude": -119.00708, "County": "Kern", "WellID": "Green & Whittier A 94", "SpudDate": "6-Oct-66", "API": 2900041, "FieldName": "Kern River", "Location": " ", "Latitude": 35.460265999999997, "OpName": "Chevron U.S.A. Inc.", "TotalDepth": 3912.0, "Type": "OG", "DryHole": "N", "AreaName": "Any Area"}, "2900048": {"Status": "A", "AbdDate": "N/A", "LeaseName": "San Joaquin", "Longitude": -118.99346100000001, "County": "Kern", "WellID": "San Joaquin 281", "SpudDate": "14-Nov-66", "API": 2900048, "FieldName": "Kern River", "Location": "Fr NW cor 84S 2977E", "Latitude": 35.441029, "OpName": "Chevron U.S.A. Inc.", "TotalDepth": 6064.0, "Type": "OG, SC", "DryHole": "N", "AreaName": "Any Area"}, "2900049": {"Status": "P", "AbdDate": "23-Sep-88", "LeaseName": "San Joaquin", "Longitude": -118.986861, "County": "Kern", "WellID": "San Joaquin 304", "SpudDate": "1-Oct-65", "API": 2900049, "FieldName": "Kern River", "Location": "Fr NW cor 2520S 4955E", "Latitude": 35.434309000000006, "OpName": "Chevron U.S.A. Inc.", "TotalDepth": 2486.0, "Type": "SF", "DryHole": "N", "AreaName": "Any Area"}, "2900033": {"Status": "P", "AbdDate": "20-Apr-99", "LeaseName": "Knapp", "Longitude": -118.89746000000001, "County": "Kern", "WellID": "Knapp 2", "SpudDate": "17-Nov-66", "API": 2900033, "FieldName": "Kern Bluff", "Location": "Fr NE cor 1600S 170W", "Latitude": 35.408259999999999, "OpName": "Harry Feder", "TotalDepth": 4672.0, "Type": "OG", "DryHole": "N", "AreaName": "Any Area"}, "2900032": {"Status": "P", "AbdDate": "3-Jan-67", "LeaseName": "Knapp", "Longitude": -118.898375, "County": "Kern", "WellID": "Knapp 3", "SpudDate": "16-Nov-66", "API": 2900032, "FieldName": "Kern Bluff", "Location": "Fr NE cor 1630S 568W", "Latitude": 35.408116, "OpName": "Harry Feder", "TotalDepth": 2876.0, "Type": "OG", "DryHole": "N", "AreaName": "Any Area"}, "2900031": {"Status": "P", "AbdDate": "20-Apr-99", "LeaseName": "Knapp", "Longitude": -118.89741699999999, "County": "Kern", "WellID": "Knapp 4", "SpudDate": "17-Nov-66", "API": 2900031, "FieldName": "Kern Bluff", "Location": "Fr NE cor 1585S 325W", "Latitude": 35.408180000000002, "OpName": "Harry Feder", "TotalDepth": 2514.0, "Type": "OG", "DryHole": "N", "AreaName": "Any Area"}, "2900030": {"Status": "P", "AbdDate": "7-May-66", "LeaseName": "Jarrott", "Longitude": -118.943494, "County": "Kern", "WellID": "13/22a-C27z", "SpudDate": "N/A", "API": 2900030, "FieldName": "Kern River", "Location": " ", "Latitude": 35.437987999999997, "OpName": "Haynes Oil & Gas Co.", "TotalDepth": 4232.0, "Type": "OG", "DryHole": "N", "AreaName": "Any Area"}, "2900037": {"Status": "A", "AbdDate": "N/A", "LeaseName": "KCL-E", "Longitude": -119.25646599999999, "County": "Kern", "WellID": "KCL-E 23", "SpudDate": "6-May-66", "API": 2900037, "FieldName": "Canal", "Location": "Fr NE cor 1550S 1200W", "Latitude": 35.320921000000006, "OpName": "Grayson Service, Inc.", "TotalDepth": 2486.0, "Type": "OG", "DryHole": "N", "AreaName": "Main"}, "2900036": {"Status": "A", "AbdDate": "N/A", "LeaseName": "Racetrack", "Longitude": -118.85191399999999, "County": "Kern", "WellID": "Racetrack 6-5", "SpudDate": "13-Jan-66", "API": 2900036, "FieldName": "Edison", "Location": "Fr NE cor 2240S 2530W", "Latitude": 35.377596000000004, "OpName": "Naftex Operating Company", "TotalDepth": 6064.0, "Type": "OG, SC", "DryHole": "N", "AreaName": "Race Track Hill"}, "2900035": {"Status": "A", "AbdDate": "N/A", "LeaseName": "Pace Fee", "Longitude": -119.045723, "County": "Kern", "WellID": "Pace Fee 9", "SpudDate": "5-Mar-56", "API": 2900035, "FieldName": "Fruitvale", "Location": "Fr ctr 24N 564E", "Latitude": 35.390523999999999, "OpName": "Maranatha Petroleum, Inc.", "TotalDepth": 5964.0, "Type": "OG", "DryHole": "N", "AreaName": "Main"}, "2900034": {"Status": "P", "AbdDate": "5-Jan-67", "LeaseName": "Fee", "Longitude": -119.02882199999999, "County": "Kern", "WellID": "Fee 1", "SpudDate": "7-Apr-66", "API": 2900034, "FieldName": "Jasmin", "Location": "Fr NE cor 110S 375W", "Latitude": 35.747025999999998, "OpName": "Westgate-California Realty Co.", "TotalDepth": 5034.0, "Type": "OG", "DryHole": "N", "AreaName": "Any Area"}, "2900039": {"Status": "A", "AbdDate": "N/A", "LeaseName": "Canfield", "Longitude": -118.979495, "County": "Kern", "WellID": "Canfield 57", "SpudDate": "25-Oct-66", "API": 2900039, "FieldName": "Kern River", "Location": "Fr NW cor 3134S 4222E", "Latitude": 35.461649000000001, "OpName": "Chevron U.S.A. Inc.", "TotalDepth": 3635.0, "Type": "OG, SC", "DryHole": "N", "AreaName": "Any Area"}, "2900038": {"Status": "A", "AbdDate": "N/A", "LeaseName": "Canfield", "Longitude": -118.98251699999999, "County": "Kern", "WellID": "Canfield 502", "SpudDate": "19-Oct-66", "API": 2900038, "FieldName": "Kern River", "Location": "Fr NW cor 5149S 3287E", "Latitude": 35.456237999999999, "OpName": "Chevron U.S.A. Inc.", "TotalDepth": 1435.0, "Type": "OG, SC", "DryHole": "N", "AreaName": "Any Area"}, "2900020": {"Status": "P", "AbdDate": "N/A", "LeaseName": "Jarrott", "Longitude": -118.944103, "County": "Kern", "WellID": "13/22a-C21y", "SpudDate": "5-Aug-24", "API": 2900020, "FieldName": "Kern River", "Location": "Fr NW cor 1260S 1660E", "Latitude": 35.438021999999997, "OpName": "Haynes Oil & Gas Co.", "TotalDepth": 2876.0, "Type": "OG", "DryHole": "N", "AreaName": "Any Area"}, "2900021": {"Status": "P", "AbdDate": "6-Jul-65", "LeaseName": "Supreme-Corral", "Longitude": -118.94214699999999, "County": "Kern", "WellID": "13/22a-C21z", "SpudDate": "1-Dec-20", "API": 2900021, "FieldName": "Kern River", "Location": "Fr N/4 cor 100S 100W", "Latitude": 35.441057999999998, "OpName": "John S. Hagestad", "TotalDepth": 4672.0, "Type": "OG", "DryHole": "N", "AreaName": "Any Area"}, "2900022": {"Status": "P", "AbdDate": "6-Oct-75", "LeaseName": "Jarrott", "Longitude": -118.94409399999999, "County": "Kern", "WellID": "13/22a-C22", "SpudDate": "9-Oct-24", "API": 2900022, "FieldName": "Kern River", "Location": "Fr N/4 cor 60S 835W", "Latitude": 35.441167999999998, "OpName": "Haynes Oil & Gas Co.", "TotalDepth": 5034.0, "Type": "OG", "DryHole": "N", "AreaName": "Any Area"}, "2900023": {"Status": "P", "AbdDate": "6-Oct-75", "LeaseName": "Jarrott", "Longitude": -118.94518300000001, "County": "Kern", "WellID": "13/22a-C23", "SpudDate": "28-Sep-65", "API": 2900023, "FieldName": "Kern River", "Location": "Fr NW cor 832S 1441E", "Latitude": 35.439021000000004, "OpName": "Terepin Corporation", "TotalDepth": 5964.0, "Type": "OG", "DryHole": "N", "AreaName": "Any Area"}, "2900024": {"Status": "P", "AbdDate": "29-Jan-51", "LeaseName": "Jarrott", "Longitude": -118.94496000000001, "County": "Kern", "WellID": "13/22a-C24", "SpudDate": "2-Oct-48", "API": 2900024, "FieldName": "Kern River", "Location": "Fr N/4 cor 45S 1240W", "Latitude": 35.441296999999999, "OpName": "John S. Hagestad", "TotalDepth": 6064.0, "Type": "OG", "DryHole": "Y", "AreaName": "Any Area"}, "2900025": {"Status": "P", "AbdDate": "15-Jul-71", "LeaseName": "Supreme-Corral", "Longitude": -118.94310900000001, "County": "Kern", "WellID": "13/22a-C25", "SpudDate": "23-Apr-65", "API": 2900025, "FieldName": "Kern River", "Location": "Fr NW cor 1075S 2054E", "Latitude": 35.43844, "OpName": "Supreme Oil & Gas Corporation", "TotalDepth": 2486.0, "Type": "OG", "DryHole": "N", "AreaName": "Any Area"}, "2900026": {"Status": "P", "AbdDate": "6-Oct-75", "LeaseName": "Jarrott", "Longitude": -118.944621, "County": "Kern", "WellID": "13/22a-C25y", "SpudDate": "12-Oct-65", "API": 2900026, "FieldName": "Kern River", "Location": "Fr NW cor 1090S 1536E", "Latitude": 35.438282000000001, "OpName": "Terepin Corporation", "TotalDepth": 1435.0, "Type": "OG", "DryHole": "N", "AreaName": "Any Area"}, "2900027": {"Status": "P", "AbdDate": "3-Jun-47", "LeaseName": "Jarrott", "Longitude": -118.944354, "County": "Kern", "WellID": "13/22a-C25z", "SpudDate": "3-Oct-37", "API": 2900027, "FieldName": "Kern River", "Location": "Fr NW cor 860S 1520E", "Latitude": 35.439062999999997, "OpName": "John S. Hagestad", "TotalDepth": 3635.0, "Type": "OG", "DryHole": "Y", "AreaName": "Any Area"}, "2900028": {"Status": "P", "AbdDate": "31-Aug-65", "LeaseName": "Supreme-Corral", "Longitude": -118.9423, "County": "Kern", "WellID": "13/22a-C26", "SpudDate": "30-Jun-65", "API": 2900028, "FieldName": "Kern River", "Location": "Fr NW cor 790S 2310E", "Latitude": 35.439209000000005, "OpName": "John S. Hagestad", "TotalDepth": 2945.0, "Type": "OG", "DryHole": "N", "AreaName": "Any Area"}, "2900029": {"Status": "P", "AbdDate": "10-Mar-76", "LeaseName": "Jarrott", "Longitude": -118.94485, "County": "Kern", "WellID": "13/22a-C27", "SpudDate": "N/A", "API": 2900029, "FieldName": "Kern River", "Location": " ", "Latitude": 35.438171999999994, "OpName": "Terepin Corporation", "TotalDepth": 3912.0, "Type": "OG", "DryHole": "N", "AreaName": "Any Area"}, "2900019": {"Status": "P", "AbdDate": "6-Oct-75", "LeaseName": "Jarrott", "Longitude": -118.94454899999999, "County": "Kern", "WellID": "13/22a-C21", "SpudDate": "11-Aug-25", "API": 2900019, "FieldName": "Kern River", "Location": "Fr NW cor 1260S 1607E", "Latitude": 35.438549000000002, "OpName": "Terepin Corporation", "TotalDepth": 2514.0, "Type": "OG", "DryHole": "N", "AreaName": "Any Area"}, "2900018": {"Status": "P", "AbdDate": "6-Oct-75", "LeaseName": "Jarrott", "Longitude": -118.944455, "County": "Kern", "WellID": "13/22a-C20z", "SpudDate": "25-Jun-24", "API": 2900018, "FieldName": "Kern River", "Location": "Fr NW cor 1030S 1610E", "Latitude": 35.438003000000002, "OpName": "Terepin Corporation", "TotalDepth": 4232.0, "Type": "OG", "DryHole": "N", "AreaName": "Any Area"}, "2900015": {"Status": "P", "AbdDate": "6-Oct-75", "LeaseName": "Jarrott", "Longitude": -118.94481299999998, "County": "Kern", "WellID": "13/22a-C19", "SpudDate": "3-Jul-22", "API": 2900015, "FieldName": "Kern River", "Location": "Fr NW cor 755S 1420E", "Latitude": 35.439246999999995, "OpName": "Terepin Corporation", "TotalDepth": 3635.0, "Type": "OG", "DryHole": "N", "AreaName": "Any Area"}, "2900014": {"Status": "P", "AbdDate": "6-Oct-75", "LeaseName": "Jarrott", "Longitude": -118.944823, "County": "Kern", "WellID": "13/22a-C18z", "SpudDate": "20-May-22", "API": 2900014, "FieldName": "Kern River", "Location": "Fr NW cor 960S 1425E", "Latitude": 35.438897999999995, "OpName": "Terepin Corporation", "TotalDepth": 1435.0, "Type": "OG", "DryHole": "N", "AreaName": "Any Area"}, "2900017": {"Status": "P", "AbdDate": "6-Oct-75", "LeaseName": "Jarrott", "Longitude": -118.94512900000001, "County": "Kern", "WellID": "13/22a-C20", "SpudDate": "N/A", "API": 2900017, "FieldName": "Kern River", "Location": "Fr N/4 cor 483S 1230W", "Latitude": 35.439962999999999, "OpName": "Terepin Corporation", "TotalDepth": 3912.0, "Type": "OG", "DryHole": "N", "AreaName": "Any Area"}, "2900016": {"Status": "P", "AbdDate": "6-Oct-75", "LeaseName": "Jarrott", "Longitude": -118.94483600000001, "County": "Kern", "WellID": "13/22a-C19z", "SpudDate": "1-Jul-22", "API": 2900016, "FieldName": "Kern River", "Location": "Fr NW cor 640S 1415E", "Latitude": 35.439609000000004, "OpName": "Terepin Corporation", "TotalDepth": 2945.0, "Type": "OG", "DryHole": "N", "AreaName": "Any Area"}, "2900011": {"Status": "P", "AbdDate": "11-Dec-20", "LeaseName": "Jarrott", "Longitude": -118.944999, "County": "Kern", "WellID": "13/22a-C17", "SpudDate": "13-Oct-20", "API": 2900011, "FieldName": "Kern River", "Location": "Fr N/4 cor 100S 1220W", "Latitude": 35.441025000000003, "OpName": "Haynes Oil & Gas Co.", "TotalDepth": 5964.0, "Type": "OG", "DryHole": "N", "AreaName": "Any Area"}, "2900010": {"Status": "P", "AbdDate": "12-Sep-75", "LeaseName": "Jarrott", "Longitude": -118.94503700000001, "County": "Kern", "WellID": "13/22a-C16z", "SpudDate": "15-Dec-70", "API": 2900010, "FieldName": "Kern River", "Location": "Fr N/4 cor 97S 1420W", "Latitude": 35.441153999999997, "OpName": "Haynes Oil & Gas Co.", "TotalDepth": 5034.0, "Type": "OG", "DryHole": "N", "AreaName": "Any Area"}, "2900013": {"Status": "P", "AbdDate": "6-Oct-75", "LeaseName": "Jarrott", "Longitude": -118.944855, "County": "Kern", "WellID": "13/22a-C18", "SpudDate": "N/A", "API": 2900013, "FieldName": "Kern River", "Location": "Fr NW cor 1025S 1430E", "Latitude": 35.438715000000002, "OpName": "Terepin Corporation", "TotalDepth": 2486.0, "Type": "OG", "DryHole": "Y", "AreaName": "Any Area"}, "2900012": {"Status": "P", "AbdDate": "6-Oct-75", "LeaseName": "Jarrott", "Longitude": -118.94507800000001, "County": "Kern", "WellID": "13/22a-C17z", "SpudDate": "23-Mar-25", "API": 2900012, "FieldName": "Kern River", "Location": "Fr NW cor 1110S 1375E", "Latitude": 35.438445999999999, "OpName": "Terepin Corporation", "TotalDepth": 6064.0, "Type": "OG", "DryHole": "N", "AreaName": "Any Area"}, "2900095": {"Status": "A", "AbdDate": "N/A", "LeaseName": "Ten West", "Longitude": -118.947705, "County": "Kern", "WellID": "Ten West 11", "SpudDate": "18-Oct-66", "API": 2900095, "FieldName": "Kern River", "Location": "Fr SE cor 50N 50W", "Latitude": 35.430188999999999, "OpName": "Chevron U.S.A. Inc.", "TotalDepth": 5964.0, "Type": "OG, SC", "DryHole": "N", "AreaName": "Any Area"}, "2900094": {"Status": "P", "AbdDate": "16-Sep-15", "LeaseName": "Chaparral", "Longitude": -119.00666299999999, "County": "Kern", "WellID": "Chaparral 16-25", "SpudDate": "30-Sep-66", "API": 2900094, "FieldName": "Kern River", "Location": "Fr NW cor 545S 1642E", "Latitude": 35.499169999999999, "OpName": "Chevron U.S.A. Inc.", "TotalDepth": 5034.0, "Type": "OG, SC", "DryHole": "N", "AreaName": "Any Area"}, "2900097": {"Status": "P", "AbdDate": "11-Feb-05", "LeaseName": "Cortez", "Longitude": -118.999072, "County": "Kern", "WellID": "Cortez 24", "SpudDate": "7-Nov-66", "API": 2900097, "FieldName": "Kern River", "Location": "Fr NW cor 3467S 1318E", "Latitude": 35.431783000000003, "OpName": "Chevron U.S.A. Inc.", "TotalDepth": 3912.0, "Type": "OG, SC", "DryHole": "N", "AreaName": "Any Area"}, "2900096": {"Status": "P", "AbdDate": "27-May-05", "LeaseName": "Cortez", "Longitude": -119.00020000000001, "County": "Kern", "WellID": "Cortez 23", "SpudDate": "31-Oct-66", "API": 2900096, "FieldName": "Kern River", "Location": "Fr NW cor 3731S 988E", "Latitude": 35.431018000000002, "OpName": "Chevron U.S.A. Inc.", "TotalDepth": 6064.0, "Type": "OB, OG, SC", "DryHole": "N", "AreaName": "Any Area"}, "2900091": {"Status": "A", "AbdDate": "N/A", "LeaseName": " ", "Longitude": -118.97747199999999, "County": "Kern", "WellID": "42954", "SpudDate": "17-Nov-66", "API": 2900091, "FieldName": "Kern River", "Location": "Fr N/4 cor 1170S 265W", "Latitude": 35.438177000000003, "OpName": "Chevron U.S.A. Inc.", "TotalDepth": 2514.0, "Type": "OG, SC", "DryHole": "N", "AreaName": "Any Area"}, "2900090": {"Status": "P", "AbdDate": "8-Jul-04", "LeaseName": "U.S.A.", "Longitude": -119.00066799999999, "County": "Kern", "WellID": "U.S.A. 2", "SpudDate": "1-Dec-66", "API": 2900090, "FieldName": "Kern River", "Location": "Fr SE cor 500N 1790W", "Latitude": 35.486018999999999, "OpName": "Chevron U.S.A. Inc.", "TotalDepth": 4232.0, "Type": "OG, SC", "DryHole": "N", "AreaName": "Any Area"}, "2900093": {"Status": "P", "AbdDate": "16-Sep-15", "LeaseName": "Chaparral", "Longitude": -119.00570400000001, "County": "Kern", "WellID": "Chaparral 17-24", "SpudDate": "30-Sep-66", "API": 2900093, "FieldName": "Kern River", "Location": "Fr SW cor 215N 1642E", "Latitude": 35.498699000000002, "OpName": "Chevron U.S.A. Inc.", "TotalDepth": 4672.0, "Type": "OG", "DryHole": "N", "AreaName": "Any Area"}, "2900092": {"Status": "P", "AbdDate": "16-Sep-15", "LeaseName": "Chaparral", "Longitude": -119.00668400000001, "County": "Kern", "WellID": "Chaparral 16-23", "SpudDate": "30-Sep-66", "API": 2900092, "FieldName": "Kern River", "Location": "Fr NW cor 380S 1356E", "Latitude": 35.498274000000002, "OpName": "Chevron U.S.A. Inc.", "TotalDepth": 2876.0, "Type": "OG", "DryHole": "N", "AreaName": "Any Area"}, "2900099": {"Status": "A", "AbdDate": "N/A", "LeaseName": "San Joaquin", "Longitude": -118.99338300000001, "County": "Kern", "WellID": "San Joaquin 272", "SpudDate": "7-Nov-66", "API": 2900099, "FieldName": "Kern River", "Location": "Fr NW cor 723S 3003E", "Latitude": 35.439273999999997, "OpName": "Chevron U.S.A. Inc.", "TotalDepth": 2514.0, "Type": "OG, SC", "DryHole": "N", "AreaName": "Any Area"}, "2900098": {"Status": "A", "AbdDate": "N/A", "LeaseName": "Omar", "Longitude": -118.986006, "County": "Kern", "WellID": "Omar 44", "SpudDate": "4-Oct-66", "API": 2900098, "FieldName": "Kern River", "Location": "Fr NW cor 2387S 2286E", "Latitude": 35.449286999999998, "OpName": "Chevron U.S.A. Inc.", "TotalDepth": 4232.0, "Type": "OG, SC", "DryHole": "N", "AreaName": "Any Area"}, "2900008": {"Status": "I", "AbdDate": "N/A", "LeaseName": "Walter Brown", "Longitude": -118.84193799999998, "County": "Kern", "WellID": "13/22a-C16", "SpudDate": "25-Aug-41", "API": 2900008, "FieldName": "Edison", "Location": "Fr W/4 cor 992N 329E", "Latitude": 35.321024999999999, "OpName": "Vaquero Energy, Inc.", "TotalDepth": 2876.0, "Type": "OG", "DryHole": "N", "AreaName": "Main"}, "2900009": {"Status": "P", "AbdDate": "10-Oct-75", "LeaseName": "Jarrott", "Longitude": -118.944822, "County": "Kern", "WellID": "13/22a-C16y", "SpudDate": "8-May-22", "API": 2900009, "FieldName": "Kern River", "Location": "Fr NW cor 1405S 1435E", "Latitude": 35.438363000000003, "OpName": "Terepin Corporation", "TotalDepth": 4672.0, "Type": "OG", "DryHole": "N", "AreaName": "Any Area"}, "2900002": {"Status": "P", "AbdDate": "4-Aug-04", "LeaseName": "Kern County Land Co. Lease 39", "Longitude": -118.97995300000001, "County": "Kern", "WellID": "13/22a-B13z", "SpudDate": "5-Oct-64", "API": 2900002, "FieldName": "Kern River", "Location": "Fr SW cor 1527N 1620E", "Latitude": 35.416347999999999, "OpName": "Chevron U.S.A. Inc.", "TotalDepth": 1435.0, "Type": "OG, SC", "DryHole": "N", "AreaName": "Any Area"}, "2900003": {"Status": "P", "AbdDate": "10-Apr-92", "LeaseName": "Buena Vista", "Longitude": -119.67821000000001, "County": "Kern", "WellID": "13/22a-C1z", "SpudDate": "7-Nov-91", "API": 2900003, "FieldName": "McKittrick", "Location": "Fr SE cor 599N 136W", "Latitude": 35.322302000000001, "OpName": "California Resources Production Corporation", "TotalDepth": 3635.0, "Type": "OG", "DryHole": "N", "AreaName": "Main"}, "2900001": {"Status": "A", "AbdDate": "N/A", "LeaseName": " ", "Longitude": -118.95876000000001, "County": "Kern", "WellID": "13/22a-B13", "SpudDate": "27-Dec-66", "API": 2900001, "FieldName": "Kern River", "Location": "Fr ctr 538W 98S", "Latitude": 35.434059999999995, "OpName": "Chevron U.S.A. Inc.", "TotalDepth": 2486.0, "Type": "OG, SC", "DryHole": "N", "AreaName": "Any Area"}, "2900006": {"Status": "P", "AbdDate": "20-Jan-67", "LeaseName": "Union-Tribe-USL", "Longitude": -118.97339099999999, "County": "Kern", "WellID": "13/22a-C15", "SpudDate": "23-Dec-66", "API": 2900006, "FieldName": "Mount Poso", "Location": "Fr ctr 222N 1660W", "Latitude": 35.552114000000003, "OpName": "Robert B. Doe, Operator", "TotalDepth": 4232.0, "Type": "OG", "DryHole": "Y", "AreaName": "Baker-Grover"}, "2900007": {"Status": "P", "AbdDate": "14-Apr-71", "LeaseName": " ", "Longitude": -119.236301, "County": "Kern", "WellID": "13/22a-C15z", "SpudDate": "31-Dec-66", "API": 2900007, "FieldName": "Ten Section", "Location": "Fr NE cor 330S 480W", "Latitude": 35.295265999999998, "OpName": "San Joaquin Facilities Management, Inc.", "TotalDepth": 2514.0, "Type": "OG", "DryHole": "N", "AreaName": "Main"}, "2900004": {"Status": "P", "AbdDate": "16-Sep-70", "LeaseName": "KCL", "Longitude": -119.16932199999999, "County": "Kern", "WellID": "13/22a-C9", "SpudDate": "8-Jul-66", "API": 2900004, "FieldName": "Canfield Ranch", "Location": "Fr NE cor 2310S 1650W", "Latitude": 35.275469000000001, "OpName": "Chevron U.S.A. Inc.", "TotalDepth": 2945.0, "Type": "OG", "DryHole": "N", "AreaName": "Old"}, "2900005": {"Status": "P", "AbdDate": "22-Jun-67", "LeaseName": "RBM", "Longitude": -118.81978700000001, "County": "Kern", "WellID": "13/22a-C11", "SpudDate": "1-Nov-65", "API": 2900005, "FieldName": "Comanche Point", "Location": "Fr NE cor 1148Sly 2522Wly", "Latitude": 35.085916999999995, "OpName": "Henry L. Lubking", "TotalDepth": 3912.0, "Type": "OG", "DryHole": "N", "AreaName": "Any Area"}, "2900082": {"Status": "A", "AbdDate": "N/A", "LeaseName": "Poso", "Longitude": -119.042175, "County": "Kern", "WellID": "Poso 11", "SpudDate": "26-Oct-66", "API": 2900082, "FieldName": "Poso Creek", "Location": "Fr NW cor 2210S 1130E", "Latitude": 35.581835999999996, "OpName": "Berry Petroleum Company, LLC", "TotalDepth": 5034.0, "Type": "OG, SC", "DryHole": "N", "AreaName": "McVan"}, "2900083": {"Status": "A", "AbdDate": "N/A", "LeaseName": "Poso", "Longitude": -119.043582, "County": "Kern", "WellID": "Poso 12", "SpudDate": "29-Oct-66", "API": 2900083, "FieldName": "Poso Creek", "Location": "Fr NW cor 2026S 700E", "Latitude": 35.582515000000001, "OpName": "Berry Petroleum Company, LLC", "TotalDepth": 5964.0, "Type": "OG, SC", "DryHole": "N", "AreaName": "McVan"}, "2900080": {"Status": "P", "AbdDate": "7-Dec-66", "LeaseName": "Bald Eagle Jr. & Eaglet", "Longitude": -118.996323, "County": "Kern", "WellID": "Bald Eagle Jr. & Eaglet 8", "SpudDate": "4-Dec-17", "API": 2900080, "FieldName": "Kern River", "Location": " ", "Latitude": 35.468778, "OpName": "Chevron U.S.A. Inc.", "TotalDepth": 2876.0, "Type": "OG", "DryHole": "N", "AreaName": "Any Area"}, "2900081": {"Status": "P", "AbdDate": "8-Nov-66", "LeaseName": "San Joaquin", "Longitude": -118.99346299999999, "County": "Kern", "WellID": "San Joaquin 274", "SpudDate": "11-Oct-66", "API": 2900081, "FieldName": "Kern River", "Location": " ", "Latitude": 35.436478999999999, "OpName": "Chevron U.S.A. Inc.", "TotalDepth": 4672.0, "Type": "OG", "DryHole": "N", "AreaName": "Any Area"}, "2900086": {"Status": "I", "AbdDate": "14-Oct-13", "LeaseName": "S.P.-48", "Longitude": -118.87088100000001, "County": "Kern", "WellID": "S.P.-48 1", "SpudDate": "3-May-61", "API": 2900086, "FieldName": "Valpredo", "Location": "Fr SE cor 2112N 1986W", "Latitude": 35.080308000000002, "OpName": "Sherman Havens", "TotalDepth": 1435.0, "Type": "OG", "DryHole": "N", "AreaName": "Any Area"}, "2900087": {"Status": "A", "AbdDate": "N/A", "LeaseName": "Kern", "Longitude": -119.04893100000001, "County": "Kern", "WellID": "Kern 924", "SpudDate": "25-Jul-66", "API": 2900087, "FieldName": "Kern Front", "Location": "Fr NE cor 2039S 590W", "Latitude": 35.479289000000001, "OpName": "California Resources Production Corporation", "TotalDepth": 3635.0, "Type": "OG", "DryHole": "N", "AreaName": "Any Area"}, "2900084": {"Status": "P", "AbdDate": "6-Dec-66", "LeaseName": " ", "Longitude": -118.87828600000002, "County": "Kern", "WellID": "42X", "SpudDate": "23-Nov-66", "API": 2900084, "FieldName": "Round Mountain", "Location": "Fr N/4 cor 650S 0W", "Latitude": 35.483253000000005, "OpName": "Macpherson Oil Company", "TotalDepth": 6064.0, "Type": "OG", "DryHole": "N", "AreaName": "Main"}, "2900085": {"Status": "P", "AbdDate": "14-Dec-66", "LeaseName": "Jewett", "Longitude": -118.87141100000001, "County": "Kern", "WellID": "Jewett 1-A", "SpudDate": "14-Dec-65", "API": 2900085, "FieldName": "Round Mountain", "Location": "Fr SE cor 1700N 388W", "Latitude": 35.460826000000004, "OpName": "Ketell Oil Company", "TotalDepth": 2486.0, "Type": "OG", "DryHole": "N", "AreaName": "Main"}, "2900088": {"Status": "P", "AbdDate": "17-Dec-04", "LeaseName": "Globe", "Longitude": -118.99703799999999, "County": "Kern", "WellID": "Globe 38", "SpudDate": "16-Dec-66", "API": 2900088, "FieldName": "Kern River", "Location": "Fr NW cor 4163S 4408E", "Latitude": 35.458721000000004, "OpName": "Chevron U.S.A. Inc.", "TotalDepth": 2945.0, "Type": "OG, SC", "DryHole": "N", "AreaName": "Any Area"}, "2900089": {"Status": "A", "AbdDate": "N/A", "LeaseName": "Mitchell", "Longitude": -119.004814, "County": "Kern", "WellID": "Mitchell 6", "SpudDate": "12-Nov-66", "API": 2900089, "FieldName": "Kern River", "Location": "Fr SW cor 970N 1965E", "Latitude": 35.487425000000002, "OpName": "Chevron U.S.A. Inc.", "TotalDepth": 3912.0, "Type": "OG, SC", "DryHole": "N", "AreaName": "Any Area"}}